mutlabel,prevalence.AY.3,prevalence.AY.25,prevalence.AY.44,prevalence.AY.75,prevalence.AY.103,prevalence.B.1.617.2
ORF1a:S2224F,0.00521441266005431,0.000435455777046642,0.000744850060131125,0.000284425663321279,0.000781896639153065,0.000622324605889735
S:S939F,0.00296206793400161,0.0010160634797755,0.00524110641269349,0.00581040997927756,0.00147546185882022,0.00207326926713542
S:T859I,0.00256908070315387,0.00351129420221737,0.00124529619428172,0.000406322376173256,0.000651035276951715,0.00115525451701078
ORF1a:T2283I,0.00249282944940729,0.00124415936299041,0.000973736276525585,0.000406322376173256,0.000644492208841648,0.00256150183087211
S:L18F,0.00241657819566072,0.00271641460919572,0.00236257128447841,0.00690748039494535,0.00268265792512767,0.0031391290893775
S:T678I,0.00167752758242467,0.000193535900909619,0.000740970632734608,0.000121896712851977,0.000880042660804078,0.000574189001014286
ORF1a:S2103F,0.00123175102206007,0.000642815670878377,0.000640105520425185,0.00231603754418756,0.000752452832657762,0.00145438291873678
ORF1a:S2242F,0.00106165207139464,0.000912383532859631,0.0014547852736936,0.00280362439559547,0.00092584413757455,0.00153002458354106
S:H1101Y,0.000950207931303486,0.000200447897370677,0.00508204988943632,0.000203161188086628,0.000647763742896682,0.00353796695834551
ORF1a:T4175I,0.000920880526016341,0.000891647543476458,0.00201730224618846,0.0068262159197107,0.00118429532792222,0.00246523062112122
ORF7a:T39I,0.000879822158614339,0.00015897591860433,0.000446134150599372,0.0111332331071472,0.00299999672846595,0.000694528013202909
S:S704L,0.000862225715442052,0.000497663745196162,0.000504325561547116,0.000243793425703954,0.00166521083401218,0.000759854905533875
S:G75V,0.00076251253746576,0.000953855511625978,0.00162935950653684,0.000203161188086628,0.00151799180153566,0.00158159844590761
S:S680F,0.000703857726891471,0.00038015980535818,0.000923303720370873,0.0031693145341514,0.00074263823049266,0.000735787103096151
S:M1237I,0.000662799359489469,0.000656639663800492,0.00110175738061062,0.000121896712851977,0.00100763248895039,0.00361360862314979
ORF10:L37F,0.000627606473144895,0.000711935635488955,0.0115102610854638,0.00113770265328512,0.000516902380695332,0.00515738623665526
S:H69Y,0.000475103965651743,0.000248831872598081,0.000787523761492804,0.000243793425703954,0.00128244134957323,0.00758823428286544
S:T29I,0.000469238484594314,0.000628991677956261,0.000752608914924157,0.000446954613790581,0.003199560305823,0.000615448090907528
S:T33I,0.000451642041422027,0.000117503939837983,0.000193971369825814,NA,0.000117775225981215,0.000185665904519589
S:G257D,0.00038125626873288,5.52959716884625e-05,6.98296931372929e-05,NA,0.000160305168696654,NA
ORF1a:S2255F,0.000375390787675451,0.000421631784124527,9.69856849129069e-05,4.06322376173256e-05,0.000140675964366451,7.90799222953807e-05
S:S256L,0.000334332420273449,0.000463103762890873,0.000527602125926213,0.000568851326642558,0.000549617721245669,0.000354140521583661
S:G476S,0.000316735977101162,0.000179711907987503,0.000814679753268418,0.000284425663321279,0.000441657097429556,0.00026474582681497
S:T732I,0.000293274052871446,0.000117503939837983,0.000162935950653684,0.000325057900938605,0.000199563577357058,0.00013753029964414
S:M1237V,0.000228753761239728,6.91199646105781e-05,0.000643984947821702,NA,NA,0.0001959806769929
S:A846S,0.000193560874895155,0.000145151925682214,0.000116382821895488,4.06322376173256e-05,0.000166848236806721,0.000526053396138837
S:E1262D,0.000170098950665439,NA,NA,4.06322376173256e-05,NA,NA
S:N501Y,0.000158367988550581,4.83839752274047e-05,5.81914109477441e-05,0.000284425663321279,9.81460216510124e-05,0.0023483298664237
S:T1009I,8.79822158614339e-05,0.000110591943376925,0.000120262249292005,0.000243793425703954,0.000166848236806721,0.000168474617064072
S:H625Y,8.2116734804005e-05,5.52959716884625e-05,NA,NA,6.54306811006749e-05,NA
S:V289I,8.2116734804005e-05,NA,9.69856849129069e-05,0.0214944536995652,0.000111232157871147,0.000818305282882635
S:Y145D,7.03857726891471e-05,NA,NA,0.000162528950469302,NA,NA
S:V1096A,NA,0.000131327932760098,NA,NA,NA,NA
S:K150I,NA,6.22079681495203e-05,NA,NA,NA,NA
S:D1118H,NA,NA,NA,8.12644752346512e-05,NA,0.000343825749110351
S:E1188D,NA,NA,NA,NA,0.000160305168696654,0.000154721587099658
S:K1205R,NA,NA,NA,NA,NA,0.00025443105434166
