Codon,Odocoileus virginianus texanus,Homo sapiens,AA
GCT,513299,1534685,A
GCC,805891,2088762,A
GCA,436005,1377145,A
GCG,221962,477758,A
TGT,277835,841042,C
TGC,320945,873765,C
GAT,624307,1942185,D
GAC,749334,1961667,D
GAA,880791,2719693,E
GAG,1192115,3206546,E
TTT,462899,1385301,F
TTC,546439,1413268,F
TTA,229369,703680,L
TTG,361889,1086777,L
GGT,291327,875715,G
GGC,607157,1599325,G
GGA,448026,1384137,G
GGG,453573,1240793,G
CAT,294113,956479,H
CAC,443156,1184041,H
ATT,421928,1331901,I
ATC,572959,1508988,I
ATA,209123,652939,I
AAA,725063,2221062,K
AAG,947286,2567940,K
CTT,369287,1138433,L
CTC,552205,1439345,L
CTA,182804,601662,L
CTG,1114539,2918400,L
ATG,611966,1739992,M
AAT,463902,1489775,N
AAC,550595,1478832,N
CCT,515593,1560898,P
CCC,600048,1544626,P
CCA,486790,1529004,P
CCG,232634,503096,P
CAA,346533,1136523,Q
CAG,1058338,2872161,Q
CGT,125276,367659,R
CGC,281632,704401,R
CGA,182809,518818,R
CGG,342728,871786,R
AGA,360596,1073213,R
AGG,347726,980476,R
TCT,455425,1368632,S
TCC,527209,1399962,S
TCA,364774,1142684,S
TCG,145261,325925,S
AGT,378815,1135376,S
AGC,591025,1591829,S
TAA,13001,35218,STOP
TAG,10591,28499,STOP
TGA,24410,63801,STOP
ACT,367429,1152700,T
ACC,530304,1442511,T
ACA,409760,1335468,T
ACG,200168,452037,T
GTT,308106,949137,V
GTC,416625,1086717,V
GTA,193157,618960,V
GTG,775050,2090923,V
TGG,324737,937286,W
TAT,312349,978774,Y
TAC,416170,1090514,Y